<?xml version="1.0" encoding="UTF-8"?><?xml-stylesheet type='text/xsl' href='_UpgradeReport_Files/UpgradeReport.xslt'?><UpgradeLog>
<Properties><Property Name="Solution" Value="CN3">
</Property><Property Name="Solution File" Value="c:\users\evgheni\documents\visual studio 2010\Projects\CN3\CN3.sln">
</Property><Property Name="Date" Value="Thursday, March 17, 2011">
</Property><Property Name="Time" Value="23:05:41 PM">
</Property></Properties><Event ErrorLevel="0" Project="Examples" Source="..\..\..\..\Downloads\dnAnalytics_managed\src\Examples\Examples.csproj" Description="Project file successfully backed up as c:\users\evgheni\documents\visual studio 2010\Projects\CN3\Backup\Examples.csproj">
</Event><Event ErrorLevel="0" Project="Examples" Source="..\..\..\..\Downloads\dnAnalytics_managed\src\Examples\LinearAlgebra\IO\DelimitedMatrixWriterOverall.cs" Description="File successfully backed up as c:\users\evgheni\documents\visual studio 2010\Projects\CN3\Backup\LinearAlgebra\IO\DelimitedMatrixWriterOverall.cs">
</Event><Event ErrorLevel="0" Project="Examples" Source="..\..\..\..\Downloads\dnAnalytics_managed\src\Examples\LinearAlgebra\IO\DelimitedMatrixReaderOverall.cs" Description="File successfully backed up as c:\users\evgheni\documents\visual studio 2010\Projects\CN3\Backup\LinearAlgebra\IO\DelimitedMatrixReaderOverall.cs">
</Event><Event ErrorLevel="0" Project="Examples" Source="..\..\..\..\Downloads\dnAnalytics_managed\src\Examples\LinearAlgebra\IO\MatrixMarketReaderOverall.cs" Description="File successfully backed up as c:\users\evgheni\documents\visual studio 2010\Projects\CN3\Backup\LinearAlgebra\IO\MatrixMarketReaderOverall.cs">
</Event><Event ErrorLevel="0" Project="Examples" Source="..\..\..\..\Downloads\dnAnalytics_managed\src\Examples\LinearAlgebra\Solvers\Iterative\BicgStab.cs" Description="File successfully backed up as c:\users\evgheni\documents\visual studio 2010\Projects\CN3\Backup\LinearAlgebra\Solvers\Iterative\BicgStab.cs">
</Event><Event ErrorLevel="0" Project="Examples" Source="..\..\..\..\Downloads\dnAnalytics_managed\src\Examples\LinearAlgebra\Solvers\Iterative\CompositeSolver.cs" Description="File successfully backed up as c:\users\evgheni\documents\visual studio 2010\Projects\CN3\Backup\LinearAlgebra\Solvers\Iterative\CompositeSolver.cs">
</Event><Event ErrorLevel="0" Project="Examples" Source="..\..\..\..\Downloads\dnAnalytics_managed\src\Examples\LinearAlgebra\Solvers\Iterative\GPBiCG.cs" Description="File successfully backed up as c:\users\evgheni\documents\visual studio 2010\Projects\CN3\Backup\LinearAlgebra\Solvers\Iterative\GPBiCG.cs">
</Event><Event ErrorLevel="0" Project="Examples" Source="..\..\..\..\Downloads\dnAnalytics_managed\src\Examples\LinearAlgebra\Solvers\Iterative\MlkBiCgStab.cs" Description="File successfully backed up as c:\users\evgheni\documents\visual studio 2010\Projects\CN3\Backup\LinearAlgebra\Solvers\Iterative\MlkBiCgStab.cs">
</Event><Event ErrorLevel="0" Project="Examples" Source="..\..\..\..\Downloads\dnAnalytics_managed\src\Examples\LinearAlgebra\Solvers\Iterative\TFQMR.cs" Description="File successfully backed up as c:\users\evgheni\documents\visual studio 2010\Projects\CN3\Backup\LinearAlgebra\Solvers\Iterative\TFQMR.cs">
</Event><Event ErrorLevel="0" Project="Examples" Source="..\..\..\..\Downloads\dnAnalytics_managed\src\Examples\LinearAlgebra\Solvers\Iterator.cs" Description="File successfully backed up as c:\users\evgheni\documents\visual studio 2010\Projects\CN3\Backup\LinearAlgebra\Solvers\Iterator.cs">
</Event><Event ErrorLevel="0" Project="Examples" Source="..\..\..\..\Downloads\dnAnalytics_managed\src\Examples\LinearAlgebra\Solvers\Preconditioners\Diagonal.cs" Description="File successfully backed up as c:\users\evgheni\documents\visual studio 2010\Projects\CN3\Backup\LinearAlgebra\Solvers\Preconditioners\Diagonal.cs">
</Event><Event ErrorLevel="0" Project="Examples" Source="..\..\..\..\Downloads\dnAnalytics_managed\src\Examples\LinearAlgebra\Solvers\Preconditioners\Ilutp.cs" Description="File successfully backed up as c:\users\evgheni\documents\visual studio 2010\Projects\CN3\Backup\LinearAlgebra\Solvers\Preconditioners\Ilutp.cs">
</Event><Event ErrorLevel="0" Project="Examples" Source="..\..\..\..\Downloads\dnAnalytics_managed\src\Examples\LinearAlgebra\Solvers\Preconditioners\IncompleLu.cs" Description="File successfully backed up as c:\users\evgheni\documents\visual studio 2010\Projects\CN3\Backup\LinearAlgebra\Solvers\Preconditioners\IncompleLu.cs">
</Event><Event ErrorLevel="0" Project="Examples" Source="..\..\..\..\Downloads\dnAnalytics_managed\src\Examples\LinearAlgebra\SparseVectorEnumerator.cs" Description="File successfully backed up as c:\users\evgheni\documents\visual studio 2010\Projects\CN3\Backup\LinearAlgebra\SparseVectorEnumerator.cs">
</Event><Event ErrorLevel="0" Project="Examples" Source="..\..\..\..\Downloads\dnAnalytics_managed\src\Examples\LinearAlgebra\VectorEnumerator.cs" Description="File successfully backed up as c:\users\evgheni\documents\visual studio 2010\Projects\CN3\Backup\LinearAlgebra\VectorEnumerator.cs">
</Event><Event ErrorLevel="0" Project="Examples" Source="..\..\..\..\Downloads\dnAnalytics_managed\src\Examples\LinearAlgebra\MatrixRowEnumerator.cs" Description="File successfully backed up as c:\users\evgheni\documents\visual studio 2010\Projects\CN3\Backup\LinearAlgebra\MatrixRowEnumerator.cs">
</Event><Event ErrorLevel="0" Project="Examples" Source="..\..\..\..\Downloads\dnAnalytics_managed\src\Examples\LinearAlgebra\MatrixColumnEnumerator.cs" Description="File successfully backed up as c:\users\evgheni\documents\visual studio 2010\Projects\CN3\Backup\LinearAlgebra\MatrixColumnEnumerator.cs">
</Event><Event ErrorLevel="0" Project="Examples" Source="..\..\..\..\Downloads\dnAnalytics_managed\src\Examples\Properties\AssemblyInfo.cs" Description="File successfully backed up as c:\users\evgheni\documents\visual studio 2010\Projects\CN3\Backup\Properties\AssemblyInfo.cs">
</Event><Event ErrorLevel="1" Project="Examples" Source="..\..\..\..\Downloads\dnAnalytics_managed\src\Examples\Examples.csproj" Description="Your project is targeting .NET Framework 2.0 or 3.0. If your project uses assemblies requiring a newer .NET Framework, your project will fail to build. You can change the .NET Framework version by clicking Properties on the project menu and then selecting a new version in the '.NET Framework' dropdown box. (In Visual Basic, this is located on the Compile tab by clicking the 'Advanced Compiler Options...' button.)">
</Event><Event ErrorLevel="0" Project="Examples" Source="..\..\..\..\Downloads\dnAnalytics_managed\src\Examples\Examples.csproj" Description="Project converted successfully">
</Event><Event ErrorLevel="3" Project="Examples" Source="..\..\..\..\Downloads\dnAnalytics_managed\src\Examples\Examples.csproj" Description="Converted">
</Event><Event ErrorLevel="0" Project="Examples" Source="..\..\..\..\Downloads\dnAnalytics_managed\src\Examples\Examples.csproj" Description="Scan complete: Upgrade not required for project files.">
</Event></UpgradeLog>